Problem,Level,Hardware,Device,Compiled,Correctness,Ref_PyTorch_Runtime_ms,Ref_PyTorch_Compiled_Runtime_ms,Triton_Runtime_ms,Speedup,Speedup_vs_Compiled,Status,Error_Message,Timestamp
100_HingeLoss,level1,NVIDIA A100-SXM4-80GB,0,False,False,-1.0000,-1.0000,-1.0000,-1.00,-1.00,SUCCESS,,2025-11-27 23:13:55
10_3D_tensor_matrix_multiplication,level1,NVIDIA A100-SXM4-80GB,0,False,False,-1.0000,-1.0000,-1.0000,-1.00,-1.00,SUCCESS,,2025-11-27 23:13:58
11_4D_tensor_matrix_multiplication,level1,NVIDIA A100-SXM4-80GB,0,False,False,-1.0000,-1.0000,-1.0000,-1.00,-1.00,SUCCESS,,2025-11-27 23:14:02
12_Matmul_with_diagonal_matrices_,level1,NVIDIA A100-SXM4-80GB,0,False,False,-1.0000,-1.0000,-1.0000,-1.00,-1.00,SUCCESS,,2025-11-27 23:14:06
13_Matmul_for_symmetric_matrices,level1,NVIDIA A100-SXM4-80GB,0,False,False,-1.0000,-1.0000,-1.0000,-1.00,-1.00,SUCCESS,,2025-11-27 23:14:11
14_Matmul_for_upper_triangular_matrices,level1,NVIDIA A100-SXM4-80GB,0,False,False,-1.0000,-1.0000,-1.0000,-1.00,-1.00,SUCCESS,,2025-11-27 23:14:17
15_Matmul_for_lower_triangular_matrices,level1,NVIDIA A100-SXM4-80GB,0,False,False,-1.0000,-1.0000,-1.0000,-1.00,-1.00,SUCCESS,,2025-11-27 23:14:20
16_Matmul_with_transposed_A,level1,NVIDIA A100-SXM4-80GB,0,False,False,-1.0000,-1.0000,-1.0000,-1.00,-1.00,SUCCESS,,2025-11-27 23:14:25
17_Matmul_with_transposed_B,level1,NVIDIA A100-SXM4-80GB,0,False,False,-1.0000,-1.0000,-1.0000,-1.00,-1.00,SUCCESS,,2025-11-27 23:14:29
18_Matmul_with_transposed_both,level1,NVIDIA A100-SXM4-80GB,0,False,False,-1.0000,-1.0000,-1.0000,-1.00,-1.00,SUCCESS,,2025-11-27 23:14:35
19_ReLU,level1,NVIDIA A100-SXM4-80GB,0,False,False,-1.0000,-1.0000,-1.0000,-1.00,-1.00,SUCCESS,,2025-11-27 23:14:38
1_Square_matrix_multiplication_,level1,NVIDIA A100-SXM4-80GB,0,False,False,-1.0000,-1.0000,-1.0000,-1.00,-1.00,SUCCESS,,2025-11-27 23:14:44
20_LeakyReLU,level1,NVIDIA A100-SXM4-80GB,0,False,False,-1.0000,-1.0000,-1.0000,-1.00,-1.00,SUCCESS,,2025-11-27 23:14:48
21_Sigmoid,level1,NVIDIA A100-SXM4-80GB,0,False,False,-1.0000,-1.0000,-1.0000,-1.00,-1.00,SUCCESS,,2025-11-27 23:14:51
22_Tanh,level1,NVIDIA A100-SXM4-80GB,0,False,False,-1.0000,-1.0000,-1.0000,-1.00,-1.00,SUCCESS,,2025-11-27 23:14:55
23_Softmax,level1,NVIDIA A100-SXM4-80GB,0,False,False,-1.0000,-1.0000,-1.0000,-1.00,-1.00,SUCCESS,,2025-11-27 23:14:59
24_LogSoftmax,level1,NVIDIA A100-SXM4-80GB,0,False,False,-1.0000,-1.0000,-1.0000,-1.00,-1.00,SUCCESS,,2025-11-27 23:15:03
25_Swish,level1,NVIDIA A100-SXM4-80GB,0,False,False,-1.0000,-1.0000,-1.0000,-1.00,-1.00,SUCCESS,,2025-11-27 23:15:06
26_GELU_,level1,NVIDIA A100-SXM4-80GB,0,False,False,-1.0000,-1.0000,-1.0000,-1.00,-1.00,SUCCESS,,2025-11-27 23:15:10
27_SELU_,level1,NVIDIA A100-SXM4-80GB,0,False,False,-1.0000,-1.0000,-1.0000,-1.00,-1.00,SUCCESS,,2025-11-27 23:15:14
28_HardSigmoid,level1,NVIDIA A100-SXM4-80GB,0,False,False,-1.0000,-1.0000,-1.0000,-1.00,-1.00,SUCCESS,,2025-11-27 23:15:17
29_Softplus,level1,NVIDIA A100-SXM4-80GB,0,False,False,-1.0000,-1.0000,-1.0000,-1.00,-1.00,SUCCESS,,2025-11-27 23:15:21
2_Standard_matrix_multiplication_,level1,NVIDIA A100-SXM4-80GB,0,False,False,-1.0000,-1.0000,-1.0000,-1.00,-1.00,SUCCESS,,2025-11-27 23:15:25
30_Softsign,level1,NVIDIA A100-SXM4-80GB,0,False,False,-1.0000,-1.0000,-1.0000,-1.00,-1.00,SUCCESS,,2025-11-27 23:15:29
31_ELU,level1,NVIDIA A100-SXM4-80GB,0,False,False,-1.0000,-1.0000,-1.0000,-1.00,-1.00,SUCCESS,,2025-11-27 23:15:32
32_HardTanh,level1,NVIDIA A100-SXM4-80GB,0,False,False,-1.0000,-1.0000,-1.0000,-1.00,-1.00,SUCCESS,,2025-11-27 23:15:36
33_BatchNorm,level1,NVIDIA A100-SXM4-80GB,0,False,False,-1.0000,-1.0000,-1.0000,-1.00,-1.00,SUCCESS,,2025-11-27 23:15:39
34_InstanceNorm,level1,NVIDIA A100-SXM4-80GB,0,False,False,-1.0000,-1.0000,-1.0000,-1.00,-1.00,SUCCESS,,2025-11-27 23:15:43
35_GroupNorm_,level1,NVIDIA A100-SXM4-80GB,0,False,False,-1.0000,-1.0000,-1.0000,-1.00,-1.00,SUCCESS,,2025-11-27 23:15:47
36_RMSNorm_,level1,NVIDIA A100-SXM4-80GB,0,False,False,-1.0000,-1.0000,-1.0000,-1.00,-1.00,SUCCESS,,2025-11-27 23:15:50
37_FrobeniusNorm_,level1,NVIDIA A100-SXM4-80GB,0,False,False,-1.0000,-1.0000,-1.0000,-1.00,-1.00,SUCCESS,,2025-11-27 23:15:54
38_L1Norm_,level1,NVIDIA A100-SXM4-80GB,0,False,False,-1.0000,-1.0000,-1.0000,-1.00,-1.00,SUCCESS,,2025-11-27 23:15:57
39_L2Norm_,level1,NVIDIA A100-SXM4-80GB,0,False,False,-1.0000,-1.0000,-1.0000,-1.00,-1.00,SUCCESS,,2025-11-27 23:16:01
3_Batched_matrix_multiplication,level1,NVIDIA A100-SXM4-80GB,0,False,False,-1.0000,-1.0000,-1.0000,-1.00,-1.00,SUCCESS,,2025-11-27 23:16:06
40_LayerNorm,level1,NVIDIA A100-SXM4-80GB,0,False,False,-1.0000,-1.0000,-1.0000,-1.00,-1.00,SUCCESS,,2025-11-27 23:16:09
41_Max_Pooling_1D,level1,NVIDIA A100-SXM4-80GB,0,False,False,-1.0000,-1.0000,-1.0000,-1.00,-1.00,SUCCESS,,2025-11-27 23:16:13
42_Max_Pooling_2D,level1,NVIDIA A100-SXM4-80GB,0,False,False,-1.0000,-1.0000,-1.0000,-1.00,-1.00,SUCCESS,,2025-11-27 23:16:15
43_Max_Pooling_3D,level1,NVIDIA A100-SXM4-80GB,0,False,False,-1.0000,-1.0000,-1.0000,-1.00,-1.00,SUCCESS,,2025-11-27 23:16:19
44_Average_Pooling_1D,level1,NVIDIA A100-SXM4-80GB,0,False,False,-1.0000,-1.0000,-1.0000,-1.00,-1.00,SUCCESS,,2025-11-27 23:16:22
45_Average_Pooling_2D,level1,NVIDIA A100-SXM4-80GB,0,False,False,-1.0000,-1.0000,-1.0000,-1.00,-1.00,SUCCESS,,2025-11-27 23:16:25
46_Average_Pooling_3D,level1,NVIDIA A100-SXM4-80GB,0,False,False,-1.0000,-1.0000,-1.0000,-1.00,-1.00,SUCCESS,,2025-11-27 23:16:29
47_Sum_reduction_over_a_dimension,level1,NVIDIA A100-SXM4-80GB,0,False,False,-1.0000,-1.0000,-1.0000,-1.00,-1.00,SUCCESS,,2025-11-27 23:16:32
48_Mean_reduction_over_a_dimension,level1,NVIDIA A100-SXM4-80GB,0,False,False,-1.0000,-1.0000,-1.0000,-1.00,-1.00,SUCCESS,,2025-11-27 23:16:36
49_Max_reduction_over_a_dimension,level1,NVIDIA A100-SXM4-80GB,0,False,False,-1.0000,-1.0000,-1.0000,-1.00,-1.00,SUCCESS,,2025-11-27 23:16:40
4_Matrix_vector_multiplication_,level1,NVIDIA A100-SXM4-80GB,0,False,False,-1.0000,-1.0000,-1.0000,-1.00,-1.00,SUCCESS,,2025-11-27 23:16:43
50_conv_standard_2D__square_input__square_kernel,level1,NVIDIA A100-SXM4-80GB,0,False,False,-1.0000,-1.0000,-1.0000,-1.00,-1.00,SUCCESS,,2025-11-27 23:16:46
51_Argmax_over_a_dimension,level1,NVIDIA A100-SXM4-80GB,0,False,False,-1.0000,-1.0000,-1.0000,-1.00,-1.00,SUCCESS,,2025-11-27 23:16:50
52_Argmin_over_a_dimension,level1,NVIDIA A100-SXM4-80GB,0,False,False,-1.0000,-1.0000,-1.0000,-1.00,-1.00,SUCCESS,,2025-11-27 23:16:54
53_Min_reduction_over_a_dimension,level1,NVIDIA A100-SXM4-80GB,0,False,False,-1.0000,-1.0000,-1.0000,-1.00,-1.00,SUCCESS,,2025-11-27 23:16:58
54_conv_standard_3D__square_input__square_kernel,level1,NVIDIA A100-SXM4-80GB,0,False,False,-1.0000,-1.0000,-1.0000,-1.00,-1.00,SUCCESS,,2025-11-27 23:17:01
55_conv_standard_2D__asymmetric_input__square_kernel,level1,NVIDIA A100-SXM4-80GB,0,False,False,-1.0000,-1.0000,-1.0000,-1.00,-1.00,SUCCESS,,2025-11-27 23:17:05
56_conv_standard_2D__asymmetric_input__asymmetric_kernel,level1,NVIDIA A100-SXM4-80GB,0,False,False,-1.0000,-1.0000,-1.0000,-1.00,-1.00,SUCCESS,,2025-11-27 23:17:09
57_conv_transposed_2D__square_input__square_kernel,level1,NVIDIA A100-SXM4-80GB,0,False,False,-1.0000,-1.0000,-1.0000,-1.00,-1.00,SUCCESS,,2025-11-27 23:17:14
58_conv_transposed_3D__asymmetric_input__asymmetric_kernel,level1,NVIDIA A100-SXM4-80GB,0,False,False,-1.0000,-1.0000,-1.0000,-1.00,-1.00,SUCCESS,,2025-11-27 23:17:20
59_conv_standard_3D__asymmetric_input__square_kernel,level1,NVIDIA A100-SXM4-80GB,0,False,False,-1.0000,-1.0000,-1.0000,-1.00,-1.00,SUCCESS,,2025-11-27 23:17:24
5_Matrix_scalar_multiplication,level1,NVIDIA A100-SXM4-80GB,0,False,False,-1.0000,-1.0000,-1.0000,-1.00,-1.00,SUCCESS,,2025-11-27 23:17:27
60_conv_standard_3D__square_input__asymmetric_kernel,level1,NVIDIA A100-SXM4-80GB,0,False,False,-1.0000,-1.0000,-1.0000,-1.00,-1.00,SUCCESS,,2025-11-27 23:17:30
61_conv_transposed_3D__square_input__square_kernel,level1,NVIDIA A100-SXM4-80GB,0,False,False,-1.0000,-1.0000,-1.0000,-1.00,-1.00,SUCCESS,,2025-11-27 23:17:34
62_conv_standard_2D__square_input__asymmetric_kernel,level1,NVIDIA A100-SXM4-80GB,0,False,False,-1.0000,-1.0000,-1.0000,-1.00,-1.00,SUCCESS,,2025-11-27 23:17:38
63_conv_standard_2D__square_input__square_kernel,level1,NVIDIA A100-SXM4-80GB,0,False,False,-1.0000,-1.0000,-1.0000,-1.00,-1.00,SUCCESS,,2025-11-27 23:17:42
64_conv_transposed_1D,level1,NVIDIA A100-SXM4-80GB,0,False,False,-1.0000,-1.0000,-1.0000,-1.00,-1.00,SUCCESS,,2025-11-27 23:17:46
65_conv_transposed_2D__square_input__asymmetric_kernel,level1,NVIDIA A100-SXM4-80GB,0,False,False,-1.0000,-1.0000,-1.0000,-1.00,-1.00,SUCCESS,,2025-11-27 23:17:50
66_conv_standard_3D__asymmetric_input__asymmetric_kernel,level1,NVIDIA A100-SXM4-80GB,0,False,False,-1.0000,-1.0000,-1.0000,-1.00,-1.00,SUCCESS,,2025-11-27 23:17:53
67_conv_standard_1D,level1,NVIDIA A100-SXM4-80GB,0,False,False,-1.0000,-1.0000,-1.0000,-1.00,-1.00,SUCCESS,,2025-11-27 23:17:55
68_conv_transposed_3D__square_input__asymmetric_kernel,level1,NVIDIA A100-SXM4-80GB,0,False,False,-1.0000,-1.0000,-1.0000,-1.00,-1.00,SUCCESS,,2025-11-27 23:17:59
69_conv_transposed_2D__asymmetric_input__asymmetric_kernel,level1,NVIDIA A100-SXM4-80GB,0,False,False,-1.0000,-1.0000,-1.0000,-1.00,-1.00,SUCCESS,,2025-11-27 23:18:02
6_Matmul_with_large_K_dimension_,level1,NVIDIA A100-SXM4-80GB,0,False,False,-1.0000,-1.0000,-1.0000,-1.00,-1.00,SUCCESS,,2025-11-27 23:18:07
70_conv_transposed_3D__asymmetric_input__square_kernel,level1,NVIDIA A100-SXM4-80GB,0,False,False,-1.0000,-1.0000,-1.0000,-1.00,-1.00,SUCCESS,,2025-11-27 23:18:12
71_conv_transposed_2D__asymmetric_input__square_kernel,level1,NVIDIA A100-SXM4-80GB,0,False,False,-1.0000,-1.0000,-1.0000,-1.00,-1.00,SUCCESS,,2025-11-27 23:18:17
72_conv_transposed_3D_asymmetric_input_asymmetric_kernel___strided_padded_grouped_,level1,NVIDIA A100-SXM4-80GB,0,False,False,-1.0000,-1.0000,-1.0000,-1.00,-1.00,SUCCESS,,2025-11-27 23:18:20
73_conv_transposed_3D_asymmetric_input_square_kernel__strided_padded__grouped,level1,NVIDIA A100-SXM4-80GB,0,False,False,-1.0000,-1.0000,-1.0000,-1.00,-1.00,SUCCESS,,2025-11-27 23:18:24
74_conv_transposed_1D_dilated,level1,NVIDIA A100-SXM4-80GB,0,False,False,-1.0000,-1.0000,-1.0000,-1.00,-1.00,SUCCESS,,2025-11-27 23:18:27
75_conv_transposed_2D_asymmetric_input_asymmetric_kernel_strided__grouped____padded____dilated__,level1,NVIDIA A100-SXM4-80GB,0,False,False,-1.0000,-1.0000,-1.0000,-1.00,-1.00,SUCCESS,,2025-11-27 23:18:30
76_conv_standard_1D_dilated_strided__,level1,NVIDIA A100-SXM4-80GB,0,False,False,-1.0000,-1.0000,-1.0000,-1.00,-1.00,SUCCESS,,2025-11-27 23:18:34
77_conv_transposed_3D_square_input_square_kernel___padded____dilated____strided__,level1,NVIDIA A100-SXM4-80GB,0,False,False,-1.0000,-1.0000,-1.0000,-1.00,-1.00,SUCCESS,,2025-11-27 23:18:37
78_conv_transposed_2D_asymmetric_input_asymmetric_kernel___padded__,level1,NVIDIA A100-SXM4-80GB,0,False,False,-1.0000,-1.0000,-1.0000,-1.00,-1.00,SUCCESS,,2025-11-27 23:18:41
79_conv_transposed_1D_asymmetric_input_square_kernel___padded____strided____dilated__,level1,NVIDIA A100-SXM4-80GB,0,False,False,-1.0000,-1.0000,-1.0000,-1.00,-1.00,SUCCESS,,2025-11-27 23:18:47
7_Matmul_with_small_K_dimension_,level1,NVIDIA A100-SXM4-80GB,0,False,False,-1.0000,-1.0000,-1.0000,-1.00,-1.00,SUCCESS,,2025-11-27 23:18:50
80_conv_standard_2D_square_input_asymmetric_kernel___dilated____padded__,level1,NVIDIA A100-SXM4-80GB,0,False,False,-1.0000,-1.0000,-1.0000,-1.00,-1.00,SUCCESS,,2025-11-27 23:18:54
81_conv_transposed_2D_asymmetric_input_square_kernel___dilated____padded____strided__,level1,NVIDIA A100-SXM4-80GB,0,False,False,-1.0000,-1.0000,-1.0000,-1.00,-1.00,SUCCESS,,2025-11-27 23:18:58
82_conv_depthwise_2D_square_input_square_kernel,level1,NVIDIA A100-SXM4-80GB,0,False,False,-1.0000,-1.0000,-1.0000,-1.00,-1.00,SUCCESS,,2025-11-27 23:19:01
83_conv_depthwise_2D_square_input_asymmetric_kernel,level1,NVIDIA A100-SXM4-80GB,0,False,False,-1.0000,-1.0000,-1.0000,-1.00,-1.00,SUCCESS,,2025-11-27 23:19:04
84_conv_depthwise_2D_asymmetric_input_square_kernel,level1,NVIDIA A100-SXM4-80GB,0,False,False,-1.0000,-1.0000,-1.0000,-1.00,-1.00,SUCCESS,,2025-11-27 23:19:08
85_conv_depthwise_2D_asymmetric_input_asymmetric_kernel,level1,NVIDIA A100-SXM4-80GB,0,False,False,-1.0000,-1.0000,-1.0000,-1.00,-1.00,SUCCESS,,2025-11-27 23:19:11
86_conv_depthwise_separable_2D,level1,NVIDIA A100-SXM4-80GB,0,False,False,-1.0000,-1.0000,-1.0000,-1.00,-1.00,SUCCESS,,2025-11-27 23:19:15
87_conv_pointwise_2D,level1,NVIDIA A100-SXM4-80GB,0,False,False,-1.0000,-1.0000,-1.0000,-1.00,-1.00,SUCCESS,,2025-11-27 23:19:18
88_MinGPTNewGelu,level1,NVIDIA A100-SXM4-80GB,0,False,False,-1.0000,-1.0000,-1.0000,-1.00,-1.00,SUCCESS,,2025-11-27 23:19:21
89_cumsum,level1,NVIDIA A100-SXM4-80GB,0,False,False,-1.0000,-1.0000,-1.0000,-1.00,-1.00,SUCCESS,,2025-11-27 23:19:25
8_Matmul_with_irregular_shapes_,level1,NVIDIA A100-SXM4-80GB,0,False,False,-1.0000,-1.0000,-1.0000,-1.00,-1.00,SUCCESS,,2025-11-27 23:19:29
90_cumprod,level1,NVIDIA A100-SXM4-80GB,0,False,False,-1.0000,-1.0000,-1.0000,-1.00,-1.00,SUCCESS,,2025-11-27 23:19:33
91_cumsum_reverse,level1,NVIDIA A100-SXM4-80GB,0,False,False,-1.0000,-1.0000,-1.0000,-1.00,-1.00,SUCCESS,,2025-11-27 23:19:36
92_cumsum_exclusive,level1,NVIDIA A100-SXM4-80GB,0,False,False,-1.0000,-1.0000,-1.0000,-1.00,-1.00,SUCCESS,,2025-11-27 23:19:39
93_masked_cumsum,level1,NVIDIA A100-SXM4-80GB,0,False,False,-1.0000,-1.0000,-1.0000,-1.00,-1.00,SUCCESS,,2025-11-27 23:19:43
94_MSELoss,level1,NVIDIA A100-SXM4-80GB,0,False,False,-1.0000,-1.0000,-1.0000,-1.00,-1.00,SUCCESS,,2025-11-27 23:19:46
95_CrossEntropyLoss,level1,NVIDIA A100-SXM4-80GB,0,False,False,-1.0000,-1.0000,-1.0000,-1.00,-1.00,SUCCESS,,2025-11-27 23:19:49
96_HuberLoss,level1,NVIDIA A100-SXM4-80GB,0,False,False,-1.0000,-1.0000,-1.0000,-1.00,-1.00,SUCCESS,,2025-11-27 23:19:53
97_ScaledDotProductAttention,level1,NVIDIA A100-SXM4-80GB,0,False,False,-1.0000,-1.0000,-1.0000,-1.00,-1.00,SUCCESS,,2025-11-27 23:19:56
98_KLDivLoss,level1,NVIDIA A100-SXM4-80GB,0,False,False,-1.0000,-1.0000,-1.0000,-1.00,-1.00,SUCCESS,,2025-11-27 23:19:59
99_TripletMarginLoss,level1,NVIDIA A100-SXM4-80GB,0,False,False,-1.0000,-1.0000,-1.0000,-1.00,-1.00,SUCCESS,,2025-11-27 23:20:02
9_Tall_skinny_matrix_multiplication_,level1,NVIDIA A100-SXM4-80GB,0,False,False,-1.0000,-1.0000,-1.0000,-1.00,-1.00,SUCCESS,,2025-11-27 23:20:07
100_ConvTranspose3d_Clamp_Min_Divide,level2,NVIDIA A100-SXM4-80GB,0,False,False,-1.0000,-1.0000,-1.0000,-1.00,-1.00,SUCCESS,,2025-11-27 23:20:10
10_ConvTranspose2d_MaxPool_Hardtanh_Mean_Tanh,level2,NVIDIA A100-SXM4-80GB,0,False,False,-1.0000,-1.0000,-1.0000,-1.00,-1.00,SUCCESS,,2025-11-27 23:20:13
11_ConvTranspose2d_BatchNorm_Tanh_MaxPool_GroupNorm,level2,NVIDIA A100-SXM4-80GB,0,False,False,-1.0000,-1.0000,-1.0000,-1.00,-1.00,SUCCESS,,2025-11-27 23:20:17
12_Gemm_Multiply_LeakyReLU,level2,NVIDIA A100-SXM4-80GB,0,False,False,-1.0000,-1.0000,-1.0000,-1.00,-1.00,SUCCESS,,2025-11-27 23:20:20
13_ConvTranspose3d_Mean_Add_Softmax_Tanh_Scaling,level2,NVIDIA A100-SXM4-80GB,0,False,False,-1.0000,-1.0000,-1.0000,-1.00,-1.00,SUCCESS,,2025-11-27 23:20:24
14_Gemm_Divide_Sum_Scaling,level2,NVIDIA A100-SXM4-80GB,0,False,False,-1.0000,-1.0000,-1.0000,-1.00,-1.00,SUCCESS,,2025-11-27 23:20:27
15_ConvTranspose3d_BatchNorm_Subtract,level2,NVIDIA A100-SXM4-80GB,0,False,False,-1.0000,-1.0000,-1.0000,-1.00,-1.00,SUCCESS,,2025-11-27 23:20:31
16_ConvTranspose2d_Mish_Add_Hardtanh_Scaling,level2,NVIDIA A100-SXM4-80GB,0,False,False,-1.0000,-1.0000,-1.0000,-1.00,-1.00,SUCCESS,,2025-11-27 23:20:35
17_Conv2d_InstanceNorm_Divide,level2,NVIDIA A100-SXM4-80GB,0,False,False,-1.0000,-1.0000,-1.0000,-1.00,-1.00,SUCCESS,,2025-11-27 23:20:39
18_Matmul_Sum_Max_AvgPool_LogSumExp_LogSumExp,level2,NVIDIA A100-SXM4-80GB,0,False,False,-1.0000,-1.0000,-1.0000,-1.00,-1.00,SUCCESS,,2025-11-27 23:20:42
19_ConvTranspose2d_GELU_GroupNorm,level2,NVIDIA A100-SXM4-80GB,0,False,False,-1.0000,-1.0000,-1.0000,-1.00,-1.00,SUCCESS,,2025-11-27 23:20:48
1_Conv2D_ReLU_BiasAdd,level2,NVIDIA A100-SXM4-80GB,0,False,False,-1.0000,-1.0000,-1.0000,-1.00,-1.00,SUCCESS,,2025-11-27 23:20:51
20_ConvTranspose3d_Sum_ResidualAdd_Multiply_ResidualAdd,level2,NVIDIA A100-SXM4-80GB,0,False,False,-1.0000,-1.0000,-1.0000,-1.00,-1.00,SUCCESS,,2025-11-27 23:20:56
21_Conv2d_Add_Scale_Sigmoid_GroupNorm,level2,NVIDIA A100-SXM4-80GB,0,False,False,-1.0000,-1.0000,-1.0000,-1.00,-1.00,SUCCESS,,2025-11-27 23:21:00
22_Matmul_Scale_ResidualAdd_Clamp_LogSumExp_Mish,level2,NVIDIA A100-SXM4-80GB,0,False,False,-1.0000,-1.0000,-1.0000,-1.00,-1.00,SUCCESS,,2025-11-27 23:21:04
23_Conv3d_GroupNorm_Mean,level2,NVIDIA A100-SXM4-80GB,0,False,False,-1.0000,-1.0000,-1.0000,-1.00,-1.00,SUCCESS,,2025-11-27 23:21:07
24_Conv3d_Min_Softmax,level2,NVIDIA A100-SXM4-80GB,0,False,False,-1.0000,-1.0000,-1.0000,-1.00,-1.00,SUCCESS,,2025-11-27 23:21:11
25_Conv2d_Min_Tanh_Tanh,level2,NVIDIA A100-SXM4-80GB,0,False,False,-1.0000,-1.0000,-1.0000,-1.00,-1.00,SUCCESS,,2025-11-27 23:21:14
26_ConvTranspose3d_Add_HardSwish,level2,NVIDIA A100-SXM4-80GB,0,False,False,-1.0000,-1.0000,-1.0000,-1.00,-1.00,SUCCESS,,2025-11-27 23:21:19
27_Conv3d_HardSwish_GroupNorm_Mean,level2,NVIDIA A100-SXM4-80GB,0,False,False,-1.0000,-1.0000,-1.0000,-1.00,-1.00,SUCCESS,,2025-11-27 23:21:24
28_BMM_InstanceNorm_Sum_ResidualAdd_Multiply,level2,NVIDIA A100-SXM4-80GB,0,False,False,-1.0000,-1.0000,-1.0000,-1.00,-1.00,SUCCESS,,2025-11-27 23:21:27
29_Matmul_Mish_Mish,level2,NVIDIA A100-SXM4-80GB,0,False,False,-1.0000,-1.0000,-1.0000,-1.00,-1.00,SUCCESS,,2025-11-27 23:21:32
2_ConvTranspose2d_BiasAdd_Clamp_Scaling_Clamp_Divide,level2,NVIDIA A100-SXM4-80GB,0,False,False,-1.0000,-1.0000,-1.0000,-1.00,-1.00,SUCCESS,,2025-11-27 23:21:35
30_Gemm_GroupNorm_Hardtanh,level2,NVIDIA A100-SXM4-80GB,0,False,False,-1.0000,-1.0000,-1.0000,-1.00,-1.00,SUCCESS,,2025-11-27 23:21:39
31_Conv2d_Min_Add_Multiply,level2,NVIDIA A100-SXM4-80GB,0,False,False,-1.0000,-1.0000,-1.0000,-1.00,-1.00,SUCCESS,,2025-11-27 23:21:42
32_Conv2d_Scaling_Min,level2,NVIDIA A100-SXM4-80GB,0,False,False,-1.0000,-1.0000,-1.0000,-1.00,-1.00,SUCCESS,,2025-11-27 23:21:45
33_Gemm_Scale_BatchNorm,level2,NVIDIA A100-SXM4-80GB,0,False,False,-1.0000,-1.0000,-1.0000,-1.00,-1.00,SUCCESS,,2025-11-27 23:21:49
34_ConvTranspose3d_LayerNorm_GELU_Scaling,level2,NVIDIA A100-SXM4-80GB,0,False,False,-1.0000,-1.0000,-1.0000,-1.00,-1.00,SUCCESS,,2025-11-27 23:21:55
35_Conv2d_Subtract_HardSwish_MaxPool_Mish,level2,NVIDIA A100-SXM4-80GB,0,False,False,-1.0000,-1.0000,-1.0000,-1.00,-1.00,SUCCESS,,2025-11-27 23:21:58
36_ConvTranspose2d_Min_Sum_GELU_Add,level2,NVIDIA A100-SXM4-80GB,0,False,False,-1.0000,-1.0000,-1.0000,-1.00,-1.00,SUCCESS,,2025-11-27 23:22:03
37_Matmul_Swish_Sum_GroupNorm,level2,NVIDIA A100-SXM4-80GB,0,False,False,-1.0000,-1.0000,-1.0000,-1.00,-1.00,SUCCESS,,2025-11-27 23:22:06
38_ConvTranspose3d_AvgPool_Clamp_Softmax_Multiply,level2,NVIDIA A100-SXM4-80GB,0,False,False,-1.0000,-1.0000,-1.0000,-1.00,-1.00,SUCCESS,,2025-11-27 23:22:09
39_Gemm_Scale_BatchNorm,level2,NVIDIA A100-SXM4-80GB,0,False,False,-1.0000,-1.0000,-1.0000,-1.00,-1.00,SUCCESS,,2025-11-27 23:22:14
3_ConvTranspose3d_Sum_LayerNorm_AvgPool_GELU,level2,NVIDIA A100-SXM4-80GB,0,False,False,-1.0000,-1.0000,-1.0000,-1.00,-1.00,SUCCESS,,2025-11-27 23:22:19
40_Matmul_Scaling_ResidualAdd,level2,NVIDIA A100-SXM4-80GB,0,False,False,-1.0000,-1.0000,-1.0000,-1.00,-1.00,SUCCESS,,2025-11-27 23:22:22
41_Gemm_BatchNorm_GELU_ReLU,level2,NVIDIA A100-SXM4-80GB,0,False,False,-1.0000,-1.0000,-1.0000,-1.00,-1.00,SUCCESS,,2025-11-27 23:22:26
42_ConvTranspose2d_GlobalAvgPool_BiasAdd_LogSumExp_Sum_Multiply,level2,NVIDIA A100-SXM4-80GB,0,False,False,-1.0000,-1.0000,-1.0000,-1.00,-1.00,SUCCESS,,2025-11-27 23:22:29
43_Conv3d_Max_LogSumExp_ReLU,level2,NVIDIA A100-SXM4-80GB,0,False,False,-1.0000,-1.0000,-1.0000,-1.00,-1.00,SUCCESS,,2025-11-27 23:22:32
44_ConvTranspose2d_Multiply_GlobalAvgPool_GlobalAvgPool_Mean,level2,NVIDIA A100-SXM4-80GB,0,False,False,-1.0000,-1.0000,-1.0000,-1.00,-1.00,SUCCESS,,2025-11-27 23:22:36
45_Gemm_Sigmoid_LogSumExp,level2,NVIDIA A100-SXM4-80GB,0,False,False,-1.0000,-1.0000,-1.0000,-1.00,-1.00,SUCCESS,,2025-11-27 23:22:40
46_Conv2d_Subtract_Tanh_Subtract_AvgPool,level2,NVIDIA A100-SXM4-80GB,0,False,False,-1.0000,-1.0000,-1.0000,-1.00,-1.00,SUCCESS,,2025-11-27 23:22:43
47_Conv3d_Mish_Tanh,level2,NVIDIA A100-SXM4-80GB,0,False,False,-1.0000,-1.0000,-1.0000,-1.00,-1.00,SUCCESS,,2025-11-27 23:22:48
48_Conv3d_Scaling_Tanh_Multiply_Sigmoid,level2,NVIDIA A100-SXM4-80GB,0,False,False,-1.0000,-1.0000,-1.0000,-1.00,-1.00,SUCCESS,,2025-11-27 23:22:51
49_ConvTranspose3d_Softmax_Sigmoid,level2,NVIDIA A100-SXM4-80GB,0,False,False,-1.0000,-1.0000,-1.0000,-1.00,-1.00,SUCCESS,,2025-11-27 23:22:56
4_Conv2d_Mish_Mish,level2,NVIDIA A100-SXM4-80GB,0,False,False,-1.0000,-1.0000,-1.0000,-1.00,-1.00,SUCCESS,,2025-11-27 23:23:00
50_ConvTranspose3d_Scaling_AvgPool_BiasAdd_Scaling,level2,NVIDIA A100-SXM4-80GB,0,False,False,-1.0000,-1.0000,-1.0000,-1.00,-1.00,SUCCESS,,2025-11-27 23:23:04
51_Gemm_Subtract_GlobalAvgPool_LogSumExp_GELU_ResidualAdd,level2,NVIDIA A100-SXM4-80GB,0,False,False,-1.0000,-1.0000,-1.0000,-1.00,-1.00,SUCCESS,,2025-11-27 23:23:09
52_Conv2d_Activation_BatchNorm,level2,NVIDIA A100-SXM4-80GB,0,False,False,-1.0000,-1.0000,-1.0000,-1.00,-1.00,SUCCESS,,2025-11-27 23:23:14
53_Gemm_Scaling_Hardtanh_GELU,level2,NVIDIA A100-SXM4-80GB,0,False,False,-1.0000,-1.0000,-1.0000,-1.00,-1.00,SUCCESS,,2025-11-27 23:23:17
54_Conv2d_Multiply_LeakyReLU_GELU,level2,NVIDIA A100-SXM4-80GB,0,False,False,-1.0000,-1.0000,-1.0000,-1.00,-1.00,SUCCESS,,2025-11-27 23:23:22
55_Matmul_MaxPool_Sum_Scale,level2,NVIDIA A100-SXM4-80GB,0,False,False,-1.0000,-1.0000,-1.0000,-1.00,-1.00,SUCCESS,,2025-11-27 23:23:31
56_Matmul_Sigmoid_Sum,level2,NVIDIA A100-SXM4-80GB,0,False,False,-1.0000,-1.0000,-1.0000,-1.00,-1.00,SUCCESS,,2025-11-27 23:23:43
57_Conv2d_ReLU_HardSwish,level2,NVIDIA A100-SXM4-80GB,0,False,False,-1.0000,-1.0000,-1.0000,-1.00,-1.00,SUCCESS,,2025-11-27 23:23:49
58_ConvTranspose3d_LogSumExp_HardSwish_Subtract_Clamp,level2,NVIDIA A100-SXM4-80GB,0,False,False,-1.0000,-1.0000,-1.0000,-1.00,-1.00,SUCCESS,,2025-11-27 23:23:53
59_Matmul_Swish_Scaling,level2,NVIDIA A100-SXM4-80GB,0,False,False,-1.0000,-1.0000,-1.0000,-1.00,-1.00,SUCCESS,,2025-11-27 23:24:02
5_ConvTranspose2d_Subtract_Tanh,level2,NVIDIA A100-SXM4-80GB,0,False,False,-1.0000,-1.0000,-1.0000,-1.00,-1.00,SUCCESS,,2025-11-27 23:24:06
60_ConvTranspose3d_Swish_GroupNorm_HardSwish,level2,NVIDIA A100-SXM4-80GB,0,False,False,-1.0000,-1.0000,-1.0000,-1.00,-1.00,SUCCESS,,2025-11-27 23:24:10
61_ConvTranspose3d_ReLU_GroupNorm,level2,NVIDIA A100-SXM4-80GB,0,False,False,-1.0000,-1.0000,-1.0000,-1.00,-1.00,SUCCESS,,2025-11-27 23:24:13
62_Matmul_GroupNorm_LeakyReLU_Sum,level2,NVIDIA A100-SXM4-80GB,0,False,False,-1.0000,-1.0000,-1.0000,-1.00,-1.00,SUCCESS,,2025-11-27 23:24:19
63_Gemm_ReLU_Divide,level2,NVIDIA A100-SXM4-80GB,0,False,False,-1.0000,-1.0000,-1.0000,-1.00,-1.00,SUCCESS,,2025-11-27 23:24:23
64_Gemm_LogSumExp_LeakyReLU_LeakyReLU_GELU_GELU,level2,NVIDIA A100-SXM4-80GB,0,False,False,-1.0000,-1.0000,-1.0000,-1.00,-1.00,SUCCESS,,2025-11-27 23:24:27
65_Conv2d_AvgPool_Sigmoid_Sum,level2,NVIDIA A100-SXM4-80GB,0,False,False,-1.0000,-1.0000,-1.0000,-1.00,-1.00,SUCCESS,,2025-11-27 23:24:30
66_Matmul_Dropout_Softmax,level2,NVIDIA A100-SXM4-80GB,0,False,False,-1.0000,-1.0000,-1.0000,-1.00,-1.00,SUCCESS,,2025-11-27 23:24:35
67_Conv2d_GELU_GlobalAvgPool,level2,NVIDIA A100-SXM4-80GB,0,False,False,-1.0000,-1.0000,-1.0000,-1.00,-1.00,SUCCESS,,2025-11-27 23:24:39
68_Matmul_Min_Subtract,level2,NVIDIA A100-SXM4-80GB,0,False,False,-1.0000,-1.0000,-1.0000,-1.00,-1.00,SUCCESS,,2025-11-27 23:24:44
69_Conv2d_HardSwish_ReLU,level2,NVIDIA A100-SXM4-80GB,0,False,False,-1.0000,-1.0000,-1.0000,-1.00,-1.00,SUCCESS,,2025-11-27 23:24:47
6_Conv3d_Softmax_MaxPool_MaxPool,level2,NVIDIA A100-SXM4-80GB,0,False,False,-1.0000,-1.0000,-1.0000,-1.00,-1.00,SUCCESS,,2025-11-27 23:24:51
70_Gemm_Sigmoid_Scaling_ResidualAdd,level2,NVIDIA A100-SXM4-80GB,0,False,False,-1.0000,-1.0000,-1.0000,-1.00,-1.00,SUCCESS,,2025-11-27 23:24:55
71_Conv2d_Divide_LeakyReLU,level2,NVIDIA A100-SXM4-80GB,0,False,False,-1.0000,-1.0000,-1.0000,-1.00,-1.00,SUCCESS,,2025-11-27 23:24:59
72_ConvTranspose3d_BatchNorm_AvgPool_AvgPool,level2,NVIDIA A100-SXM4-80GB,0,False,False,-1.0000,-1.0000,-1.0000,-1.00,-1.00,SUCCESS,,2025-11-27 23:25:04
73_Conv2d_BatchNorm_Scaling,level2,NVIDIA A100-SXM4-80GB,0,False,False,-1.0000,-1.0000,-1.0000,-1.00,-1.00,SUCCESS,,2025-11-27 23:25:09
74_ConvTranspose3d_LeakyReLU_Multiply_LeakyReLU_Max,level2,NVIDIA A100-SXM4-80GB,0,False,False,-1.0000,-1.0000,-1.0000,-1.00,-1.00,SUCCESS,,2025-11-27 23:25:13
75_Gemm_GroupNorm_Min_BiasAdd,level2,NVIDIA A100-SXM4-80GB,0,False,False,-1.0000,-1.0000,-1.0000,-1.00,-1.00,SUCCESS,,2025-11-27 23:25:17
76_Gemm_Add_ReLU,level2,NVIDIA A100-SXM4-80GB,0,False,False,-1.0000,-1.0000,-1.0000,-1.00,-1.00,SUCCESS,,2025-11-27 23:25:21
77_ConvTranspose3d_Scale_BatchNorm_GlobalAvgPool,level2,NVIDIA A100-SXM4-80GB,0,False,False,-1.0000,-1.0000,-1.0000,-1.00,-1.00,SUCCESS,,2025-11-27 23:25:23
78_ConvTranspose3d_Max_Max_Sum,level2,NVIDIA A100-SXM4-80GB,0,False,False,-1.0000,-1.0000,-1.0000,-1.00,-1.00,SUCCESS,,2025-11-27 23:25:29
79_Conv3d_Multiply_InstanceNorm_Clamp_Multiply_Max,level2,NVIDIA A100-SXM4-80GB,0,False,False,-1.0000,-1.0000,-1.0000,-1.00,-1.00,SUCCESS,,2025-11-27 23:25:32
7_Conv3d_ReLU_LeakyReLU_GELU_Sigmoid_BiasAdd,level2,NVIDIA A100-SXM4-80GB,0,False,False,-1.0000,-1.0000,-1.0000,-1.00,-1.00,SUCCESS,,2025-11-27 23:25:35
80_Gemm_Max_Subtract_GELU,level2,NVIDIA A100-SXM4-80GB,0,False,False,-1.0000,-1.0000,-1.0000,-1.00,-1.00,SUCCESS,,2025-11-27 23:25:42
81_Gemm_Swish_Divide_Clamp_Tanh_Clamp,level2,NVIDIA A100-SXM4-80GB,0,False,False,-1.0000,-1.0000,-1.0000,-1.00,-1.00,SUCCESS,,2025-11-27 23:25:46
82_Conv2d_Tanh_Scaling_BiasAdd_Max,level2,NVIDIA A100-SXM4-80GB,0,False,False,-1.0000,-1.0000,-1.0000,-1.00,-1.00,SUCCESS,,2025-11-27 23:25:49
83_Conv3d_GroupNorm_Min_Clamp_Dropout,level2,NVIDIA A100-SXM4-80GB,0,False,False,-1.0000,-1.0000,-1.0000,-1.00,-1.00,SUCCESS,,2025-11-27 23:25:53
84_Gemm_BatchNorm_Scaling_Softmax,level2,NVIDIA A100-SXM4-80GB,0,False,False,-1.0000,-1.0000,-1.0000,-1.00,-1.00,SUCCESS,,2025-11-27 23:25:56
85_Conv2d_GroupNorm_Scale_MaxPool_Clamp,level2,NVIDIA A100-SXM4-80GB,0,False,False,-1.0000,-1.0000,-1.0000,-1.00,-1.00,SUCCESS,,2025-11-27 23:26:01
86_Matmul_Divide_GELU,level2,NVIDIA A100-SXM4-80GB,0,False,False,-1.0000,-1.0000,-1.0000,-1.00,-1.00,SUCCESS,,2025-11-27 23:26:06
87_Conv2d_Subtract_Subtract_Mish,level2,NVIDIA A100-SXM4-80GB,0,False,False,-1.0000,-1.0000,-1.0000,-1.00,-1.00,SUCCESS,,2025-11-27 23:26:09
88_Gemm_GroupNorm_Swish_Multiply_Swish,level2,NVIDIA A100-SXM4-80GB,0,False,False,-1.0000,-1.0000,-1.0000,-1.00,-1.00,SUCCESS,,2025-11-27 23:26:13
89_ConvTranspose3d_MaxPool_Softmax_Subtract_Swish_Max,level2,NVIDIA A100-SXM4-80GB,0,False,False,-1.0000,-1.0000,-1.0000,-1.00,-1.00,SUCCESS,,2025-11-27 23:26:17
8_Conv3d_Divide_Max_GlobalAvgPool_BiasAdd_Sum,level2,NVIDIA A100-SXM4-80GB,0,False,False,-1.0000,-1.0000,-1.0000,-1.00,-1.00,SUCCESS,,2025-11-27 23:26:20
90_Conv3d_LeakyReLU_Sum_Clamp_GELU,level2,NVIDIA A100-SXM4-80GB,0,False,False,-1.0000,-1.0000,-1.0000,-1.00,-1.00,SUCCESS,,2025-11-27 23:26:23
91_ConvTranspose2d_Softmax_BiasAdd_Scaling_Sigmoid,level2,NVIDIA A100-SXM4-80GB,0,False,False,-1.0000,-1.0000,-1.0000,-1.00,-1.00,SUCCESS,,2025-11-27 23:26:25
92_Conv2d_GroupNorm_Tanh_HardSwish_ResidualAdd_LogSumExp,level2,NVIDIA A100-SXM4-80GB,0,False,False,-1.0000,-1.0000,-1.0000,-1.00,-1.00,SUCCESS,,2025-11-27 23:26:29
93_ConvTranspose2d_Add_Min_GELU_Multiply,level2,NVIDIA A100-SXM4-80GB,0,False,False,-1.0000,-1.0000,-1.0000,-1.00,-1.00,SUCCESS,,2025-11-27 23:26:36
94_Gemm_BiasAdd_Hardtanh_Mish_GroupNorm,level2,NVIDIA A100-SXM4-80GB,0,False,False,-1.0000,-1.0000,-1.0000,-1.00,-1.00,SUCCESS,,2025-11-27 23:26:40
95_Matmul_Add_Swish_Tanh_GELU_Hardtanh,level2,NVIDIA A100-SXM4-80GB,0,False,False,-1.0000,-1.0000,-1.0000,-1.00,-1.00,SUCCESS,,2025-11-27 23:26:43
96_ConvTranspose3d_Multiply_Max_GlobalAvgPool_Clamp,level2,NVIDIA A100-SXM4-80GB,0,False,False,-1.0000,-1.0000,-1.0000,-1.00,-1.00,SUCCESS,,2025-11-27 23:26:47
97_Matmul_BatchNorm_BiasAdd_Divide_Swish,level2,NVIDIA A100-SXM4-80GB,0,False,False,-1.0000,-1.0000,-1.0000,-1.00,-1.00,SUCCESS,,2025-11-27 23:26:53
98_Matmul_AvgPool_GELU_Scale_Max,level2,NVIDIA A100-SXM4-80GB,0,False,False,-1.0000,-1.0000,-1.0000,-1.00,-1.00,SUCCESS,,2025-11-27 23:26:57
99_Matmul_GELU_Softmax,level2,NVIDIA A100-SXM4-80GB,0,False,False,-1.0000,-1.0000,-1.0000,-1.00,-1.00,SUCCESS,,2025-11-27 23:27:03
9_Matmul_Subtract_Multiply_ReLU,level2,NVIDIA A100-SXM4-80GB,0,False,False,-1.0000,-1.0000,-1.0000,-1.00,-1.00,SUCCESS,,2025-11-27 23:27:07
10_ResNet101,level3,NVIDIA A100-SXM4-80GB,0,False,False,-1.0000,-1.0000,-1.0000,-1.00,-1.00,SUCCESS,,2025-11-27 23:27:10
11_VGG16,level3,NVIDIA A100-SXM4-80GB,0,False,False,-1.0000,-1.0000,-1.0000,-1.00,-1.00,SUCCESS,,2025-11-27 23:27:15
12_VGG19,level3,NVIDIA A100-SXM4-80GB,0,False,False,-1.0000,-1.0000,-1.0000,-1.00,-1.00,SUCCESS,,2025-11-27 23:27:19
13_DenseNet121TransitionLayer,level3,NVIDIA A100-SXM4-80GB,0,False,False,-1.0000,-1.0000,-1.0000,-1.00,-1.00,SUCCESS,,2025-11-27 23:27:23
14_DenseNet121DenseBlock,level3,NVIDIA A100-SXM4-80GB,0,False,False,-1.0000,-1.0000,-1.0000,-1.00,-1.00,SUCCESS,,2025-11-27 23:27:25
15_DenseNet121,level3,NVIDIA A100-SXM4-80GB,0,False,False,-1.0000,-1.0000,-1.0000,-1.00,-1.00,SUCCESS,,2025-11-27 23:27:29
16_DenseNet201,level3,NVIDIA A100-SXM4-80GB,0,False,False,-1.0000,-1.0000,-1.0000,-1.00,-1.00,SUCCESS,,2025-11-27 23:27:33
17_SqueezeNetFireModule,level3,NVIDIA A100-SXM4-80GB,0,False,False,-1.0000,-1.0000,-1.0000,-1.00,-1.00,SUCCESS,,2025-11-27 23:27:37
18_SqueezeNet,level3,NVIDIA A100-SXM4-80GB,0,False,False,-1.0000,-1.0000,-1.0000,-1.00,-1.00,SUCCESS,,2025-11-27 23:27:40
19_MobileNetV1,level3,NVIDIA A100-SXM4-80GB,0,False,False,-1.0000,-1.0000,-1.0000,-1.00,-1.00,SUCCESS,,2025-11-27 23:27:43
1_MLP,level3,NVIDIA A100-SXM4-80GB,0,False,False,-1.0000,-1.0000,-1.0000,-1.00,-1.00,SUCCESS,,2025-11-27 23:27:49
20_MobileNetV2,level3,NVIDIA A100-SXM4-80GB,0,False,False,-1.0000,-1.0000,-1.0000,-1.00,-1.00,SUCCESS,,2025-11-27 23:27:52
21_EfficientNetMBConv,level3,NVIDIA A100-SXM4-80GB,0,False,False,-1.0000,-1.0000,-1.0000,-1.00,-1.00,SUCCESS,,2025-11-27 23:27:55
22_EfficientNetB0,level3,NVIDIA A100-SXM4-80GB,0,False,False,-1.0000,-1.0000,-1.0000,-1.00,-1.00,SUCCESS,,2025-11-27 23:27:59
23_EfficientNetB1,level3,NVIDIA A100-SXM4-80GB,0,False,False,-1.0000,-1.0000,-1.0000,-1.00,-1.00,SUCCESS,,2025-11-27 23:28:05
24_EfficientNetB2,level3,NVIDIA A100-SXM4-80GB,0,False,False,-1.0000,-1.0000,-1.0000,-1.00,-1.00,SUCCESS,,2025-11-27 23:28:07
25_ShuffleNetUnit,level3,NVIDIA A100-SXM4-80GB,0,False,False,-1.0000,-1.0000,-1.0000,-1.00,-1.00,SUCCESS,,2025-11-27 23:28:12
26_ShuffleNet,level3,NVIDIA A100-SXM4-80GB,0,False,False,-1.0000,-1.0000,-1.0000,-1.00,-1.00,SUCCESS,,2025-11-27 23:28:15
27_RegNet,level3,NVIDIA A100-SXM4-80GB,0,False,False,-1.0000,-1.0000,-1.0000,-1.00,-1.00,SUCCESS,,2025-11-27 23:28:18
28_VisionTransformer,level3,NVIDIA A100-SXM4-80GB,0,False,False,-1.0000,-1.0000,-1.0000,-1.00,-1.00,SUCCESS,,2025-11-27 23:28:25
29_SwinMLP,level3,NVIDIA A100-SXM4-80GB,0,False,False,-1.0000,-1.0000,-1.0000,-1.00,-1.00,SUCCESS,,2025-11-27 23:28:27
2_ShallowWideMLP,level3,NVIDIA A100-SXM4-80GB,0,False,False,-1.0000,-1.0000,-1.0000,-1.00,-1.00,SUCCESS,,2025-11-27 23:28:44
30_SwinTransformerV2,level3,NVIDIA A100-SXM4-80GB,0,False,False,-1.0000,-1.0000,-1.0000,-1.00,-1.00,SUCCESS,,2025-11-27 23:28:48
31_VisionAttention,level3,NVIDIA A100-SXM4-80GB,0,False,False,-1.0000,-1.0000,-1.0000,-1.00,-1.00,SUCCESS,,2025-11-27 23:28:53
32_ConvolutionalVisionTransformer,level3,NVIDIA A100-SXM4-80GB,0,False,False,-1.0000,-1.0000,-1.0000,-1.00,-1.00,SUCCESS,,2025-11-27 23:28:56
33_VanillaRNN,level3,NVIDIA A100-SXM4-80GB,0,False,False,-1.0000,-1.0000,-1.0000,-1.00,-1.00,SUCCESS,,2025-11-27 23:29:05
34_VanillaRNNHidden,level3,NVIDIA A100-SXM4-80GB,0,False,False,-1.0000,-1.0000,-1.0000,-1.00,-1.00,SUCCESS,,2025-11-27 23:29:08
35_LSTM,level3,NVIDIA A100-SXM4-80GB,0,False,False,-1.0000,-1.0000,-1.0000,-1.00,-1.00,SUCCESS,,2025-11-27 23:29:11
36_LSTMHn,level3,NVIDIA A100-SXM4-80GB,0,False,False,-1.0000,-1.0000,-1.0000,-1.00,-1.00,SUCCESS,,2025-11-27 23:29:13
37_LSTMCn,level3,NVIDIA A100-SXM4-80GB,0,False,False,-1.0000,-1.0000,-1.0000,-1.00,-1.00,SUCCESS,,2025-11-27 23:29:17
38_LSTMBidirectional,level3,NVIDIA A100-SXM4-80GB,0,False,False,-1.0000,-1.0000,-1.0000,-1.00,-1.00,SUCCESS,,2025-11-27 23:29:20
39_GRU,level3,NVIDIA A100-SXM4-80GB,0,False,False,-1.0000,-1.0000,-1.0000,-1.00,-1.00,SUCCESS,,2025-11-27 23:29:22
3_DeepNarrowMLP,level3,NVIDIA A100-SXM4-80GB,0,False,False,-1.0000,-1.0000,-1.0000,-1.00,-1.00,SUCCESS,,2025-11-27 23:29:25
40_GRUHidden,level3,NVIDIA A100-SXM4-80GB,0,False,False,-1.0000,-1.0000,-1.0000,-1.00,-1.00,SUCCESS,,2025-11-27 23:29:28
41_GRUBidirectional,level3,NVIDIA A100-SXM4-80GB,0,False,False,-1.0000,-1.0000,-1.0000,-1.00,-1.00,SUCCESS,,2025-11-27 23:29:32
42_GRUBidirectionalHidden,level3,NVIDIA A100-SXM4-80GB,0,False,False,-1.0000,-1.0000,-1.0000,-1.00,-1.00,SUCCESS,,2025-11-27 23:29:35
43_MinGPTCausalAttention,level3,NVIDIA A100-SXM4-80GB,0,False,False,-1.0000,-1.0000,-1.0000,-1.00,-1.00,SUCCESS,,2025-11-27 23:29:41
44_MiniGPTBlock,level3,NVIDIA A100-SXM4-80GB,0,False,False,-1.0000,-1.0000,-1.0000,-1.00,-1.00,SUCCESS,,2025-11-27 23:29:47
45_UNetSoftmax,level3,NVIDIA A100-SXM4-80GB,0,False,False,-1.0000,-1.0000,-1.0000,-1.00,-1.00,SUCCESS,,2025-11-27 23:29:50
46_NetVladWithGhostClusters,level3,NVIDIA A100-SXM4-80GB,0,False,False,-1.0000,-1.0000,-1.0000,-1.00,-1.00,SUCCESS,,2025-11-27 23:29:54
47_NetVladNoGhostClusters,level3,NVIDIA A100-SXM4-80GB,0,False,False,-1.0000,-1.0000,-1.0000,-1.00,-1.00,SUCCESS,,2025-11-27 23:29:56
48_Mamba2ReturnY,level3,N/A,N/A,N/A,N/A,N/A,N/A,N/A,N/A,N/A,FAILED,cannot unpack non-iterable NoneType object,2025-11-27 23:29:59
49_Mamba2ReturnFinalState,level3,N/A,N/A,N/A,N/A,N/A,N/A,N/A,N/A,N/A,FAILED,cannot unpack non-iterable NoneType object,2025-11-27 23:30:02
4_LeNet5,level3,NVIDIA A100-SXM4-80GB,0,False,False,-1.0000,-1.0000,-1.0000,-1.00,-1.00,SUCCESS,,2025-11-27 23:30:07
50_ReLUSelfAttention,level3,NVIDIA A100-SXM4-80GB,0,False,False,-1.0000,-1.0000,-1.0000,-1.00,-1.00,SUCCESS,,2025-11-27 23:30:10
5_AlexNet,level3,NVIDIA A100-SXM4-80GB,0,False,False,-1.0000,-1.0000,-1.0000,-1.00,-1.00,SUCCESS,,2025-11-27 23:30:16
6_GoogleNetInceptionModule,level3,NVIDIA A100-SXM4-80GB,0,False,False,-1.0000,-1.0000,-1.0000,-1.00,-1.00,SUCCESS,,2025-11-27 23:30:20
7_GoogleNetInceptionV1,level3,NVIDIA A100-SXM4-80GB,0,False,False,-1.0000,-1.0000,-1.0000,-1.00,-1.00,SUCCESS,,2025-11-27 23:30:23
8_ResNetBasicBlock,level3,NVIDIA A100-SXM4-80GB,0,False,False,-1.0000,-1.0000,-1.0000,-1.00,-1.00,SUCCESS,,2025-11-27 23:30:29
9_ResNet18,level3,NVIDIA A100-SXM4-80GB,0,False,False,-1.0000,-1.0000,-1.0000,-1.00,-1.00,SUCCESS,,2025-11-27 23:30:33
